{
  "toggle_mod": true,
  "animation_speed": 200,
  "curve_points": [
    [
      0.234375,
      0.2356463
    ],
    [
      0.28125,
      0.9486016
    ]
  ]
}